"X--Trace 1::[V(in), Temperature=-40]","Y--Trace 1::[V(in), Temperature=-40]",,"X--Trace 2::[V(out), Temperature=-40]","Y--Trace 2::[V(out), Temperature=-40]",,"X--Trace 3::[V(in), Temperature=-30]","Y--Trace 3::[V(in), Temperature=-30]",,"X--Trace 4::[V(out), Temperature=-30]","Y--Trace 4::[V(out), Temperature=-30]",,"X--Trace 5::[V(in), Temperature=-20]","Y--Trace 5::[V(in), Temperature=-20]",,"X--Trace 6::[V(out), Temperature=-20]","Y--Trace 6::[V(out), Temperature=-20]",,"X--Trace 7::[V(in), Temperature=-10]","Y--Trace 7::[V(in), Temperature=-10]",,"X--Trace 8::[V(out), Temperature=-10]","Y--Trace 8::[V(out), Temperature=-10]",,"X--Trace 9::[V(in), Temperature=0]","Y--Trace 9::[V(in), Temperature=0]",,"X--Trace 10::[V(out), Temperature=0]","Y--Trace 10::[V(out), Temperature=0]",,"X--Trace 11::[V(in), Temperature=10]","Y--Trace 11::[V(in), Temperature=10]",,"X--Trace 12::[V(out), Temperature=10]","Y--Trace 12::[V(out), Temperature=10]",,"X--Trace 13::[V(in), Temperature=20]","Y--Trace 13::[V(in), Temperature=20]",,"X--Trace 14::[V(out), Temperature=20]","Y--Trace 14::[V(out), Temperature=20]",,"X--Trace 15::[V(in), Temperature=30]","Y--Trace 15::[V(in), Temperature=30]",,"X--Trace 16::[V(out), Temperature=30]","Y--Trace 16::[V(out), Temperature=30]",,"X--Trace 17::[V(in), Temperature=40]","Y--Trace 17::[V(in), Temperature=40]",,"X--Trace 18::[V(out), Temperature=40]","Y--Trace 18::[V(out), Temperature=40]",,"X--Trace 19::[V(in), Temperature=50]","Y--Trace 19::[V(in), Temperature=50]",,"X--Trace 20::[V(out), Temperature=50]","Y--Trace 20::[V(out), Temperature=50]",,"X--Trace 21::[V(in), Temperature=60]","Y--Trace 21::[V(in), Temperature=60]",,"X--Trace 22::[V(out), Temperature=60]","Y--Trace 22::[V(out), Temperature=60]"
0,0,,0,1.50864,,0,0,,0,1.50883,,0,0,,0,1.50902,,0,0,,0,1.50921,,0,0,,0,1.50941,,0,0,,0,1.5096,,0,0,,0,1.5098,,0,0,,0,1.51,,0,0,,0,1.5102,,0,0,,0,1.51041,,0,0,,0,1.51061
1.25e-005,3.92698e-005,,1.25e-005,1.51108,,1.25e-005,3.92698e-005,,1.25e-005,1.51122,,1.25e-005,3.92698e-005,,1.25e-005,1.51136,,1.25e-005,3.92698e-005,,1.25e-005,1.5115,,1.25e-005,3.92698e-005,,1.25e-005,1.51166,,1.25e-005,3.92698e-005,,1.25e-005,1.51181,,1.25e-005,3.92698e-005,,1.25e-005,1.51197,,1.25e-005,3.92698e-005,,1.25e-005,1.51213,,1.25e-005,3.92698e-005,,1.25e-005,1.51229,,1.25e-005,3.92698e-005,,1.25e-005,1.51246,,1.25e-005,3.92698e-005,,1.25e-005,1.51263
2.5e-005,7.8539e-005,,2.5e-005,1.51497,,2.5e-005,7.8539e-005,,2.5e-005,1.51505,,2.5e-005,7.8539e-005,,2.5e-005,1.51513,,2.5e-005,7.8539e-005,,2.5e-005,1.51522,,2.5e-005,7.8539e-005,,2.5e-005,1.51532,,2.5e-005,7.8539e-005,,2.5e-005,1.51542,,2.5e-005,7.8539e-005,,2.5e-005,1.51552,,2.5e-005,7.8539e-005,,2.5e-005,1.51563,,2.5e-005,7.8539e-005,,2.5e-005,1.51574,,2.5e-005,7.8539e-005,,2.5e-005,1.51586,,2.5e-005,7.8539e-005,,2.5e-005,1.51598
5e-005,0.000157073,,5e-005,1.52443,,5e-005,0.000157073,,5e-005,1.5244,,5e-005,0.000157073,,5e-005,1.52438,,5e-005,0.000157073,,5e-005,1.52437,,5e-005,0.000157073,,5e-005,1.52436,,5e-005,0.000157073,,5e-005,1.52436,,5e-005,0.000157073,,5e-005,1.52437,,5e-005,0.000157073,,5e-005,1.52438,,5e-005,0.000157073,,5e-005,1.5244,,5e-005,0.000157073,,5e-005,1.52442,,5e-005,0.000157073,,5e-005,1.52446
0.0001,0.000314108,,0.0001,1.5475,,0.0001,0.000314108,,0.0001,1.54738,,0.0001,0.000314108,,0.0001,1.54727,,0.0001,0.000314108,,0.0001,1.54716,,0.0001,0.000314108,,0.0001,1.54705,,0.0001,0.000314108,,0.0001,1.54695,,0.0001,0.000314108,,0.0001,1.54686,,0.0001,0.000314108,,0.0001,1.54677,,0.0001,0.000314108,,0.0001,1.54668,,0.0001,0.000314108,,0.0001,1.5466,,0.0001,0.000314108,,0.0001,1.54652
0.0002,0.000627905,,0.0002,1.5948,,0.0002,0.000627905,,0.0002,1.59469,,0.0002,0.000627905,,0.0002,1.59458,,0.0002,0.000627905,,0.0002,1.59446,,0.0002,0.000627905,,0.0002,1.59435,,0.0002,0.000627905,,0.0002,1.59425,,0.0002,0.000627905,,0.0002,1.59414,,0.0002,0.000627905,,0.0002,1.59403,,0.0002,0.000627905,,0.0002,1.59393,,0.0002,0.000627905,,0.0002,1.59382,,0.0002,0.000627905,,0.0002,1.59372
0.0004,0.00125333,,0.0004,1.6888,,0.0004,0.00125333,,0.0004,1.68867,,0.0004,0.00125333,,0.0004,1.68855,,0.0004,0.00125333,,0.0004,1.68844,,0.0004,0.00125333,,0.0004,1.68832,,0.0004,0.00125333,,0.0004,1.68821,,0.0004,0.00125333,,0.0004,1.6881,,0.0004,0.00125333,,0.0004,1.688,,0.0004,0.00125333,,0.0004,1.68789,,0.0004,0.00125333,,0.0004,1.68779,,0.0004,0.00125333,,0.0004,1.68769
0.0008,0.0024869,,0.0008,1.87447,,0.0008,0.0024869,,0.0008,1.87434,,0.0008,0.0024869,,0.0008,1.87421,,0.0008,0.0024869,,0.0008,1.87408,,0.0008,0.0024869,,0.0008,1.87395,,0.0008,0.0024869,,0.0008,1.87383,,0.0008,0.0024869,,0.0008,1.8737,,0.0008,0.0024869,,0.0008,1.87358,,0.0008,0.0024869,,0.0008,1.87346,,0.0008,0.0024869,,0.0008,1.87334,,0.0008,0.0024869,,0.0008,1.87323
0.0016,0.00481754,,0.0016,2.22549,,0.0016,0.00481754,,0.0016,2.22536,,0.0016,0.00481754,,0.0016,2.22522,,0.0016,0.00481754,,0.0016,2.22509,,0.0016,0.00481754,,0.0016,2.22496,,0.0016,0.00481754,,0.0016,2.22483,,0.0016,0.00481754,,0.0016,2.2247,,0.0016,0.00481754,,0.0016,2.22458,,0.0016,0.00481754,,0.0016,2.22446,,0.0016,0.00481754,,0.0016,2.22434,,0.0016,0.00481754,,0.0016,2.22422
0.00285,0.0078043,,0.00285,2.67657,,0.00285,0.0078043,,0.00285,2.67646,,0.00285,0.0078043,,0.00285,2.67636,,0.00285,0.0078043,,0.00285,2.67626,,0.00285,0.0078043,,0.00285,2.67616,,0.00285,0.0078043,,0.00285,2.67606,,0.00285,0.0078043,,0.00285,2.67596,,0.00285,0.0078043,,0.00285,2.67587,,0.00285,0.0078043,,0.00285,2.67577,,0.00285,0.0078043,,0.00285,2.67568,,0.00285,0.0078043,,0.00285,2.67559
0.0041,0.00960294,,0.0041,2.94987,,0.0041,0.00960294,,0.0041,2.94985,,0.0041,0.00960294,,0.0041,2.94983,,0.0041,0.00960294,,0.0041,2.94981,,0.0041,0.00960294,,0.0041,2.94979,,0.0041,0.00960294,,0.0041,2.94978,,0.0041,0.00960294,,0.0041,2.94976,,0.0041,0.00960294,,0.0041,2.94975,,0.0041,0.00960294,,0.0041,2.94975,,0.0041,0.00960294,,0.0041,2.94974,,0.0041,0.00960294,,0.0041,2.94973
0.00535,0.00993961,,0.00535,3.00373,,0.00535,0.00993961,,0.00535,3.00382,,0.00535,0.00993961,,0.00535,3.0039,,0.00535,0.00993961,,0.00535,3.00399,,0.00535,0.00993961,,0.00535,3.00408,,0.00535,0.00993961,,0.00535,3.00417,,0.00535,0.00993961,,0.00535,3.00427,,0.00535,0.00993961,,0.00535,3.00436,,0.00535,0.00993961,,0.00535,3.00446,,0.00535,0.00993961,,0.00535,3.00456,,0.00535,0.00993961,,0.00535,3.00466
0.0066,0.00876307,,0.0066,2.83001,,0.0066,0.00876307,,0.0066,2.83022,,0.0066,0.00876307,,0.0066,2.83044,,0.0066,0.00876307,,0.0066,2.83066,,0.0066,0.00876307,,0.0066,2.83088,,0.0066,0.00876307,,0.0066,2.8311,,0.0066,0.00876307,,0.0066,2.83133,,0.0066,0.00876307,,0.0066,2.83155,,0.0066,0.00876307,,0.0066,2.83178,,0.0066,0.00876307,,0.0066,2.83201,,0.0066,0.00876307,,0.0066,2.83225
0.00785,0.00625243,,0.00785,2.45509,,0.00785,0.00625243,,0.00785,2.45542,,0.00785,0.00625243,,0.00785,2.45576,,0.00785,0.00625243,,0.00785,2.4561,,0.00785,0.00625243,,0.00785,2.45644,,0.00785,0.00625243,,0.00785,2.45678,,0.00785,0.00625243,,0.00785,2.45713,,0.00785,0.00625243,,0.00785,2.45747,,0.00785,0.00625243,,0.00785,2.45782,,0.00785,0.00625243,,0.00785,2.45817,,0.00785,0.00625243,,0.00785,2.45852
0.0091,0.00278991,,0.0091,1.93611,,0.0091,0.00278991,,0.0091,1.93655,,0.0091,0.00278991,,0.0091,1.93699,,0.0091,0.00278991,,0.0091,1.93743,,0.0091,0.00278991,,0.0091,1.93787,,0.0091,0.00278991,,0.0091,1.93832,,0.0091,0.00278991,,0.0091,1.93877,,0.0091,0.00278991,,0.0091,1.93922,,0.0091,0.00278991,,0.0091,1.93967,,0.0091,0.00278991,,0.0091,1.94012,,0.0091,0.00278991,,0.0091,1.94058
0.01035,-0.00109734,,0.01035,1.35202,,0.01035,-0.00109734,,0.01035,1.35252,,0.01035,-0.00109734,,0.01035,1.35302,,0.01035,-0.00109734,,0.01035,1.35353,,0.01035,-0.00109734,,0.01035,1.35403,,0.01035,-0.00109734,,0.01035,1.35454,,0.01035,-0.00109734,,0.01035,1.35504,,0.01035,-0.00109734,,0.01035,1.35555,,0.01035,-0.00109734,,0.01035,1.35606,,0.01035,-0.00109734,,0.01035,1.35657,,0.01035,-0.00109734,,0.01035,1.35709
0.0116,-0.00481754,,0.0116,0.791811,,0.0116,-0.00481754,,0.0116,0.792326,,0.0116,-0.00481754,,0.0116,0.792844,,0.0116,-0.00481754,,0.0116,0.793364,,0.0116,-0.00481754,,0.0116,0.793886,,0.0116,-0.00481754,,0.0116,0.794409,,0.0116,-0.00481754,,0.0116,0.794935,,0.0116,-0.00481754,,0.0116,0.795462,,0.0116,-0.00481754,,0.0116,0.795992,,0.0116,-0.00481754,,0.0116,0.796523,,0.0116,-0.00481754,,0.0116,0.797058
0.01285,-0.0078043,,0.01285,0.3427,,0.01285,-0.0078043,,0.01285,0.347269,,0.01285,-0.0078043,,0.01285,0.355862,,0.01285,-0.0078043,,0.01285,0.368426,,0.01285,-0.0078043,,0.01285,0.383902,,0.01285,-0.0078043,,0.01285,0.401332,,0.01285,-0.0078043,,0.01285,0.420099,,0.01285,-0.0078043,,0.01285,0.43977,,0.01285,-0.0078043,,0.01285,0.460147,,0.01285,-0.0078043,,0.01285,0.481005,,0.01285,-0.0078043,,0.01285,0.502301
0.0141,-0.00960294,,0.0141,0.2518,,0.0141,-0.00960294,,0.0141,0.273546,,0.0141,-0.00960294,,0.0141,0.295471,,0.0141,-0.00960294,,0.0141,0.317584,,0.0141,-0.00960294,,0.0141,0.339845,,0.0141,-0.00960294,,0.0141,0.362239,,0.0141,-0.00960294,,0.0141,0.384755,,0.0141,-0.00960294,,0.0141,0.407387,,0.0141,-0.00960294,,0.0141,0.430126,,0.0141,-0.00960294,,0.0141,0.452967,,0.0141,-0.00960294,,0.0141,0.475903
0.0151947,-0.0099813,,0.0151947,0.247302,,0.01517,-0.00998573,,0.01517,0.269316,,0.0151503,-0.00998886,,0.0151503,0.291444,,0.0151325,-0.00999134,,0.0151325,0.313679,,0.0151149,-0.00999348,,0.0151149,0.336043,,0.0150963,-0.00999543,,0.0150963,0.358503,,0.0150976,-0.0099953,,0.0150976,0.381079,,0.0151491,-0.00998903,,0.0151491,0.403788,,0.0152065,-0.00997896,,0.0152065,0.426643,,0.01535,-0.00993961,,0.01535,0.449834,,0.01535,-0.00993961,,0.01535,0.472762
0.01628,-0.00920233,,0.01628,0.258387,,0.0162257,-0.00926778,,0.0162257,0.278533,,0.0161823,-0.00931811,,0.0161823,0.299394,,0.0161439,-0.00936117,,0.0161439,0.320692,,0.0161064,-0.00940194,,0.0161064,0.342278,,0.0161297,-0.00937682,,0.0161297,0.364888,,0.0161797,-0.00932101,,0.0161797,0.38799,,0.0162657,-0.00921982,,0.0162657,0.411741,,0.0163615,-0.00909911,,0.0163615,0.435822,,0.01652,-0.00888138,,0.01652,0.461249,,0.0165909,-0.0087768,,0.0165909,0.485297
0.01753,-0.00700414,,0.01753,0.453246,,0.0174757,-0.00712492,,0.0174757,0.4367,,0.0174323,-0.00721988,,0.0174323,0.424295,,0.0173939,-0.00730273,,0.0173939,0.415661,,0.0173564,-0.0073827,,0.0173564,0.41326,,0.0173797,-0.00733325,,0.0173797,0.428444,,0.0174297,-0.00722542,,0.0174297,0.449484,,0.0175157,-0.00703613,,0.0175157,0.476847,,0.0176115,-0.0068191,,0.0176115,0.506493,,0.01777,-0.0064466,,0.01777,0.551253,,0.0178409,-0.00627471,,0.0178409,0.577205
0.01878,-0.00373962,,0.01878,0.935385,,0.0187257,-0.00389735,,0.0187257,0.910414,,0.0186823,-0.00402249,,0.0186823,0.890583,,0.0186439,-0.00413252,,0.0186439,0.873295,,0.0186064,-0.0042395,,0.0186064,0.856949,,0.0186297,-0.00417326,,0.0186297,0.866973,,0.0186797,-0.00402983,,0.0186797,0.888674,,0.0187657,-0.00378125,,0.0187657,0.926106,,0.0188615,-0.00350094,,0.0188615,0.968343,,0.01902,-0.00303039,,0.01902,1.03918,,0.0190909,-0.00281735,,0.0190909,1.0715
0.02003,9.4213e-005,,0.02003,1.51752,,0.0199757,-7.64489e-005,,0.0199757,1.49295,,0.0199323,-0.000212708,,0.0199323,1.47337,,0.0198939,-0.000333172,,0.0198939,1.45587,,0.0198564,-0.000450883,,0.0198564,1.43835,,0.0198797,-0.000377933,,0.0198797,1.44909,,0.0199297,-0.000220725,,0.0199297,1.47238,,0.0200157,4.92885e-005,,0.0200157,1.51263,,0.0201115,0.000350206,,0.0201115,1.55748,,0.02027,0.000847179,,0.02027,1.63171,,0.0203409,0.00106893,,0.0203409,1.66452
0.02128,0.00391371,,0.02128,2.0863,,0.0212257,0.00375609,,0.0212257,2.06129,,0.0211823,0.00362945,,0.0211823,2.04114,,0.0211439,0.0035169,,0.0211439,2.02339,,0.0211064,0.00340638,,0.0211064,2.00638,,0.0211297,0.00347494,,0.0211297,2.0167,,0.0211797,0.00362198,,0.0211797,2.03895,,0.0212657,0.00387232,,0.0212657,2.07675,,0.0213615,0.00414804,,0.0213615,2.11843,,0.02152,0.00459577,,0.02152,2.18613,,0.0215909,0.00479247,,0.0215909,2.21606
0.02253,0.00713737,,0.02253,2.57848,,0.0224757,0.0070168,,0.0224757,2.56118,,0.0224323,0.00691906,,0.0224323,2.54716,,0.0223939,0.00683155,,0.0223939,2.53443,,0.0223564,0.00674505,,0.0223564,2.52145,,0.0223797,0.00679878,,0.0223797,2.52932,,0.0224297,0.00691327,,0.0224297,2.54629,,0.0225157,0.00710583,,0.0225157,2.5751,,0.0226115,0.00731436,,0.0226115,2.60631,,0.02277,0.00764469,,0.02277,2.65592,,0.0228409,0.0077864,,0.0228409,2.67693
0.02378,0.00927444,,0.02378,2.89705,,0.0237257,0.00920927,,0.0237257,2.88608,,0.0236823,0.00915531,,0.0236823,2.877,,0.0236439,0.00910617,,0.0236439,2.86889,,0.0236064,0.00905685,,0.0236064,2.86114,,0.0236297,0.00908757,,0.0236297,2.8659,,0.0236797,0.00915208,,0.0236797,2.87591,,0.0237657,0.00925754,,0.0237657,2.89217,,0.0238615,0.00936715,,0.0238615,2.90914,,0.02402,0.00952978,,0.02402,2.93437,,0.0240909,0.00959492,,0.0240909,2.94474
0.02503,0.00999956,,0.02503,3.0144,,0.0249757,0.00999971,,0.0249757,3.01526,,0.0249323,0.00999774,,0.0249323,3.01565,,0.0248939,0.00999445,,0.0248939,3.01562,,0.0248564,0.00998983,,0.0248564,3.01503,,0.0248797,0.00999286,,0.0248797,3.01547,,0.0249297,0.00999756,,0.0249297,3.01617,,0.0250157,0.00999988,,0.0250157,3.01666,,0.0251115,0.00999387,,0.0251115,3.01592,,0.02527,0.00996405,,0.02527,3.01178,,0.0253409,0.00994271,,0.0253409,3.00858
0.02628,0.00920233,,0.02628,2.89291,,0.0262257,0.00926778,,0.0262257,2.90192,,0.0261823,0.00931811,,0.0261823,2.90885,,0.0261439,0.00936117,,0.0261439,2.9149,,0.0261064,0.00940194,,0.0261064,2.92095,,0.0261297,0.00937682,,0.0261297,2.91755,,0.0261797,0.00932101,,0.0261797,2.9097,,0.0262657,0.00921982,,0.0262657,2.89513,,0.0263615,0.00909911,,0.0263615,2.87771,,0.02652,0.00888138,,0.02652,2.84599,,0.0265909,0.0087768,,0.0265909,2.83105
0.02753,0.00700414,,0.02753,2.56977,,0.0274757,0.00712492,,0.0274757,2.58894,,0.0274323,0.00721988,,0.0274323,2.60409,,0.0273939,0.00730273,,0.0273939,2.61721,,0.0273564,0.0073827,,0.0273564,2.62957,,0.0273797,0.00733325,,0.0273797,2.62236,,0.0274297,0.00722542,,0.0274297,2.60637,,0.0275157,0.00703613,,0.0275157,2.57825,,0.0276115,0.0068191,,0.0276115,2.54598,,0.02777,0.0064466,,0.02777,2.49045,,0.0278409,0.00627471,,0.0278409,2.46484
0.02878,0.00373962,,0.02878,2.07648,,0.0287257,0.00389735,,0.0287257,2.09978,,0.0286823,0.00402249,,0.0286823,2.11834,,0.0286439,0.00413252,,0.0286439,2.13482,,0.0286064,0.0042395,,0.0286064,2.15115,,0.0286297,0.00417326,,0.0286297,2.14177,,0.0286797,0.00402983,,0.0286797,2.12089,,0.0287657,0.00378125,,0.0287657,2.08426,,0.0288615,0.00350094,,0.0288615,2.04291,,0.02902,0.00303039,,0.02902,1.9731,,0.0290909,0.00281735,,0.0290909,1.94191
0.03003,-9.4213e-005,,0.03003,1.50487,,0.0299757,7.64489e-005,,0.0299757,1.53173,,0.0299323,0.000212708,,0.0299323,1.55327,,0.0298939,0.000333172,,0.0298939,1.57225,,0.0298564,0.000450883,,0.0298564,1.59052,,0.0298797,0.000377933,,0.0298797,1.57991,,0.0299297,0.000220725,,0.0299297,1.5566,,0.0300157,-4.92885e-005,,0.0300157,1.51635,,0.0301115,-0.000350206,,0.0301115,1.47144,,0.03027,-0.000847179,,0.03027,1.39702,,0.0303409,-0.00106893,,0.0303409,1.36393
0.03128,-0.00391371,,0.03128,0.926153,,0.0312257,-0.00375609,,0.0312257,0.949742,,0.0311823,-0.00362945,,0.0311823,0.968803,,0.0311439,-0.0035169,,0.0311439,0.985923,,0.0311064,-0.00340638,,0.0311064,1.003,,0.0311297,-0.00347494,,0.0311297,0.993333,,0.0311797,-0.00362198,,0.0311797,0.971894,,0.0312657,-0.00387232,,0.0312657,0.934877,,0.0313615,-0.00414804,,0.0313615,0.894051,,0.03152,-0.00459577,,0.03152,0.82732,,0.0315909,-0.00479247,,0.0315909,0.798452
0.03253,-0.00713737,,0.03253,0.443395,,0.0324757,-0.0070168,,0.0324757,0.462761,,0.0324323,-0.00691906,,0.0324323,0.478563,,0.0323939,-0.00683155,,0.0323939,0.492677,,0.0323564,-0.00674505,,0.0323564,0.506448,,0.0323797,-0.00679878,,0.0323797,0.499518,,0.0324297,-0.00691327,,0.0324297,0.486922,,0.0325157,-0.00710583,,0.0325157,0.476328,,0.0326115,-0.00731436,,0.0326115,0.478962,,0.03277,-0.00764469,,0.03277,0.485885,,0.0328409,-0.0077864,,0.0328409,0.503072
0.03378,-0.00927444,,0.03378,0.257143,,0.0337257,-0.00920927,,0.0337257,0.279589,,0.0336823,-0.00915531,,0.0336823,0.301978,,0.0336439,-0.00910617,,0.0336439,0.324412,,0.0336064,-0.00905685,,0.0336064,0.347037,,0.0336297,-0.00908757,,0.0336297,0.368552,,0.0336797,-0.00915208,,0.0336797,0.389842,,0.0337657,-0.00925754,,0.0337657,0.410932,,0.0338615,-0.00936715,,0.0338615,0.432331,,0.03402,-0.00952978,,0.03402,0.453492,,0.0340909,-0.00959492,,0.0340909,0.475827
0.03503,-0.00999956,,0.03503,0.24711,,0.0349757,-0.00999971,,0.0349757,0.26919,,0.0349323,-0.00999774,,0.0349323,0.291408,,0.0348939,-0.00999445,,0.0348939,0.313773,,0.0348564,-0.00998983,,0.0348564,0.336234,,0.0348797,-0.00999286,,0.0348797,0.358745,,0.0349297,-0.00999756,,0.0349297,0.381333,,0.0350157,-0.00999988,,0.0350157,0.40402,,0.0351115,-0.00999387,,0.0351115,0.426806,,0.03527,-0.00996405,,0.03527,0.44983,,0.0353409,-0.00994271,,0.0353409,0.472871
0.03628,-0.00920233,,0.03628,0.258393,,0.0362257,-0.00926778,,0.0362257,0.278477,,0.0361823,-0.00931811,,0.0361823,0.299293,,0.0361439,-0.00936117,,0.0361439,0.320543,,0.0361064,-0.00940194,,0.0361064,0.342088,,0.0361297,-0.00937682,,0.0361297,0.36462,,0.0361797,-0.00932101,,0.0361797,0.387635,,0.0362465,-0.00924297,,0.0362465,0.411051,,0.036294,-0.00918502,,0.036294,0.434384,,0.0364046,-0.00904206,,0.0364046,0.45892,,0.0365861,-0.00878397,,0.0365861,0.484996
0.03753,-0.00700414,,0.03753,0.453222,,0.0374757,-0.00712492,,0.0374757,0.437058,,0.0374323,-0.00721988,,0.0374323,0.425161,,0.0373939,-0.00730273,,0.0373939,0.416993,,0.0373564,-0.0073827,,0.0373564,0.414691,,0.0373797,-0.00733325,,0.0373797,0.430196,,0.0374297,-0.00722542,,0.0374297,0.451667,,0.0374965,-0.00707878,,0.0374965,0.476094,,0.037544,-0.00697267,,0.037544,0.497194,,0.0376546,-0.00671935,,0.0376546,0.528511,,0.0378361,-0.00628636,,0.0378361,0.577588
0.03878,-0.00373962,,0.03878,0.935408,,0.0387257,-0.00389735,,0.0387257,0.910074,,0.0386823,-0.00402249,,0.0386823,0.889743,,0.0386439,-0.00413252,,0.0386439,0.871857,,0.0386064,-0.0042395,,0.0386064,0.854926,,0.0386297,-0.00417326,,0.0386297,0.863997,,0.0386797,-0.00402983,,0.0386797,0.884652,,0.0387465,-0.00383692,,0.0387465,0.913204,,0.038794,-0.00369878,,0.038794,0.934554,,0.0389046,-0.00337367,,0.0389046,0.984824,,0.0390861,-0.00283172,,0.0390861,1.06723
0.04003,9.4213e-005,,0.04003,1.5175,,0.0399757,-7.64489e-005,,0.0399757,1.49327,,0.0399323,-0.000212708,,0.0399323,1.47416,,0.0398939,-0.000333172,,0.0398939,1.45723,,0.0398564,-0.000450883,,0.0398564,1.44025,,0.0398797,-0.000377933,,0.0398797,1.45188,,0.0399297,-0.000220725,,0.0399297,1.47614,,0.0399965,-1.09191e-005,,0.0399965,1.50784,,0.040044,0.000138205,,0.040044,1.52949,,0.0401546,0.000485612,,0.0401546,1.58009,,0.0403361,0.00105404,,0.0403361,1.66425
0.04128,0.00391371,,0.04128,2.08632,,0.0412257,0.00375609,,0.0412257,2.06098,,0.0411823,0.00362945,,0.0411823,2.0404,,0.0411439,0.0035169,,0.0411439,2.02212,,0.0411064,0.00340638,,0.0411064,2.0046,,0.0411297,0.00347494,,0.0411297,2.01409,,0.0411797,0.00362198,,0.0411797,2.03544,,0.0412465,0.00381674,,0.0412465,2.06441,,0.041294,0.00395415,,0.041294,2.08561,,0.0414046,0.00427097,,0.0414046,2.13465,,0.0415861,0.00477932,,0.0415861,2.21226
0.04253,0.00713737,,0.04253,2.57846,,0.0424757,0.0070168,,0.0424757,2.56147,,0.0424323,0.00691906,,0.0424323,2.54786,,0.0423939,0.00683155,,0.0423939,2.53562,,0.0423564,0.00674505,,0.0423564,2.52312,,0.0423797,0.00679878,,0.0423797,2.53176,,0.0424297,0.00691327,,0.0424297,2.54958,,0.0424965,0.00706334,,0.0424965,2.57238,,0.042544,0.00716812,,0.042544,2.58753,,0.0426546,0.0074061,,0.0426546,2.62212,,0.0428361,0.00777699,,0.0428361,2.6772
0.04378,0.00927444,,0.04378,2.89707,,0.0437257,0.00920927,,0.0437257,2.88581,,0.0436823,0.00915531,,0.0436823,2.87633,,0.0436439,0.00910617,,0.0436439,2.86777,,0.0436064,0.00905685,,0.0436064,2.85957,,0.0436297,0.00908757,,0.0436297,2.86361,,0.0436797,0.00915208,,0.0436797,2.87284,,0.0437465,0.00923461,,0.0437465,2.88521,,0.043794,0.0092908,,0.043794,2.89434,,0.0439046,0.00941373,,0.0439046,2.91438,,0.0440861,0.00959069,,0.0440861,2.94252
0.04503,0.00999956,,0.04503,3.01439,,0.0449757,0.00999971,,0.0449757,3.01552,,0.0449323,0.00999774,,0.0449323,3.01628,,0.0448939,0.00999445,,0.0448939,3.01668,,0.0448564,0.00998983,,0.0448564,3.0165,,0.0448797,0.00999286,,0.0448797,3.01761,,0.0449297,0.00999756,,0.0449297,3.01904,,0.0449965,0.00999999,,0.0449965,3.01984,,0.045044,0.00999904,,0.045044,3.01937,,0.0451546,0.0099882,,0.0451546,3.01702,,0.0453361,0.0099443,,0.0453361,3.01026
0.04628,0.00920233,,0.04628,2.89293,,0.0462257,0.00926778,,0.0462257,2.90168,,0.0461823,0.00931811,,0.0461823,2.90826,,0.0461439,0.00936117,,0.0461439,2.91391,,0.0461064,0.00940194,,0.0461064,2.91957,,0.0461297,0.00937682,,0.0461297,2.91554,,0.0461797,0.00932101,,0.0461797,2.90702,,0.0462465,0.00924297,,0.0462465,2.89555,,0.046294,0.00918502,,0.046294,2.88771,,0.0464046,0.00904206,,0.0464046,2.86789,,0.0465861,0.00878397,,0.0465861,2.83076
0.04753,0.00700414,,0.04753,2.56975,,0.0474757,0.00712492,,0.0474757,2.58917,,0.0474323,0.00721988,,0.0474323,2.60464,,0.0473939,0.00730273,,0.0473939,2.61814,,0.0473564,0.0073827,,0.0473564,2.63087,,0.0473797,0.00733325,,0.0473797,2.62423,,0.0474297,0.00722542,,0.0474297,2.60887,,0.0474965,0.00707878,,0.0474965,2.58742,,0.047544,0.00697267,,0.047544,2.5714,,0.0476546,0.00671935,,0.0476546,2.5329,,0.0478361,0.00628636,,0.0478361,2.46783
0.04878,0.00373962,,0.04878,2.07649,,0.0487257,0.00389735,,0.0487257,2.09957,,0.0486823,0.00402249,,0.0486823,2.11781,,0.0486439,0.00413252,,0.0486439,2.13395,,0.0486064,0.0042395,,0.0486064,2.14993,,0.0486297,0.00417326,,0.0486297,2.14001,,0.0486797,0.00402983,,0.0486797,2.11855,,0.0487465,0.00383692,,0.0487465,2.08999,,0.048794,0.00369878,,0.048794,2.0702,,0.0489046,0.00337367,,0.0489046,2.02291,,0.0490861,0.00283172,,0.0490861,1.9429
0.05003,-9.4213e-005,,0.05003,1.50486,,0.0499757,7.64489e-005,,0.0499757,1.53194,,0.0499323,0.000212708,,0.0499323,1.55377,,0.0498939,0.000333172,,0.0498939,1.57307,,0.0498564,0.000450883,,0.0498564,1.59166,,0.0498797,0.000377933,,0.0498797,1.58156,,0.0499297,0.000220725,,0.0499297,1.55878,,0.0499965,1.09191e-005,,0.0499965,1.52783,,0.050044,-0.000138205,,0.050044,1.50547,,0.0501546,-0.000485612,,0.0501546,1.45286,,0.0503361,-0.00105404,,0.0503361,1.36725
0.05128,-0.00391371,,0.05128,0.926166,,0.0512257,-0.00375609,,0.0512257,0.949551,,0.0511823,-0.00362945,,0.0511823,0.96834,,0.0511439,-0.0035169,,0.0511439,0.985147,,0.0511064,-0.00340638,,0.0511064,1.00193,,0.0511297,-0.00347494,,0.0511297,0.99179,,0.0511797,-0.00362198,,0.0511797,0.96985,,0.0512465,-0.00381674,,0.0512465,0.940979,,0.051294,-0.00395415,,0.051294,0.921242,,0.0514046,-0.00427097,,0.0514046,0.874888,,0.0515861,-0.00477932,,0.0515861,0.799439
0.05253,-0.00713737,,0.05253,0.443383,,0.0524757,-0.0070168,,0.0524757,0.462941,,0.0524323,-0.00691906,,0.0524323,0.478998,,0.0523939,-0.00683155,,0.0523939,0.493404,,0.0523564,-0.00674505,,0.0523564,0.507442,,0.0523797,-0.00679878,,0.0523797,0.500905,,0.0524297,-0.00691327,,0.0524297,0.488502,,0.0524965,-0.00706334,,0.0524965,0.481004,,0.052544,-0.00716812,,0.052544,0.48747,,0.0526546,-0.0074061,,0.0526546,0.494114,,0.0528361,-0.00777699,,0.0528361,0.503445
0.05378,-0.00927444,,0.05378,0.257144,,0.0537257,-0.00920927,,0.0537257,0.279569,,0.0536823,-0.00915531,,0.0536823,0.30193,,0.0536439,-0.00910617,,0.0536439,0.324356,,0.0536064,-0.00905685,,0.0536064,0.346937,,0.0536297,-0.00908757,,0.0536297,0.368416,,0.0536797,-0.00915208,,0.0536797,0.389679,,0.0537465,-0.00923461,,0.0537465,0.41103,,0.053794,-0.0092908,,0.053794,0.433012,,0.0539046,-0.00941373,,0.0539046,0.454541,,0.0540861,-0.00959069,,0.0540861,0.475803
0.05503,-0.00999956,,0.05503,0.247109,,0.0549757,-0.00999971,,0.0549757,0.269203,,0.0549323,-0.00999774,,0.0549323,0.291437,,0.0548939,-0.00999445,,0.0548939,0.313822,,0.0548564,-0.00998983,,0.0548564,0.336299,,0.0548797,-0.00999286,,0.0548797,0.358837,,0.0549297,-0.00999756,,0.0549297,0.381448,,0.0549965,-0.00999999,,0.0549965,0.404151,,0.055044,-0.00999904,,0.055044,0.42688,,0.0551546,-0.0099882,,0.0551546,0.449757,,0.0553361,-0.0099443,,0.0553361,0.472914
0.05628,-0.00920233,,0.05628,0.258395,,0.0562257,-0.00926778,,0.0562257,0.278458,,0.0561823,-0.00931811,,0.0561823,0.299252,,0.0561439,-0.00936117,,0.0561439,0.320479,,0.0561064,-0.00940194,,0.0561064,0.342006,,0.0561297,-0.00937682,,0.0561297,0.364507,,0.0561797,-0.00932101,,0.0561797,0.387487,,0.0562465,-0.00924297,,0.0562465,0.410881,,0.056294,-0.00918502,,0.056294,0.434201,,0.0563849,-0.00906838,,0.0563849,0.458407,,0.0565825,-0.00878943,,0.0565825,0.484838
0.05753,-0.00700414,,0.05753,0.453211,,0.0574757,-0.00712492,,0.0574757,0.437224,,0.0574323,-0.00721988,,0.0574323,0.425552,,0.0573939,-0.00730273,,0.0573939,0.417586,,0.0573564,-0.0073827,,0.0573564,0.415319,,0.0573797,-0.00733325,,0.0573797,0.430966,,0.0574297,-0.00722542,,0.0574297,0.45262,,0.0574965,-0.00707878,,0.0574965,0.477166,,0.057544,-0.00697267,,0.057544,0.498263,,0.0576349,-0.00676516,,0.0576349,0.526231,,0.0578325,-0.00629525,,0.0578325,0.577336
0.05878,-0.00373962,,0.05878,0.935419,,0.0587257,-0.00389735,,0.0587257,0.909918,,0.0586823,-0.00402249,,0.0586823,0.889363,,0.0586439,-0.00413252,,0.0586439,0.87122,,0.0586064,-0.0042395,,0.0586064,0.854044,,0.0586297,-0.00417326,,0.0586297,0.86272,,0.0586797,-0.00402983,,0.0586797,0.882948,,0.0587465,-0.00383692,,0.0587465,0.911247,,0.058794,-0.00369878,,0.058794,0.932422,,0.0588849,-0.00343201,,0.0588849,0.973956,,0.0590825,-0.00284268,,0.0590825,1.06469
0.06003,9.4213e-005,,0.06003,1.51749,,0.0599757,-7.64489e-005,,0.0599757,1.49342,,0.0599323,-0.000212708,,0.0599323,1.47452,,0.0598939,-0.000333172,,0.0598939,1.45783,,0.0598564,-0.000450883,,0.0598564,1.44108,,0.0598797,-0.000377933,,0.0598797,1.45307,,0.0599297,-0.000220725,,0.0599297,1.47773,,0.0599965,-1.09191e-005,,0.0599965,1.50967,,0.060044,0.000138205,,0.060044,1.53148,,0.0601349,0.000423641,,0.0601349,1.57276,,0.0603325,0.00104266,,0.0603325,1.66337
0.06128,0.00391371,,0.06128,2.08633,,0.0612257,0.00375609,,0.0612257,2.06084,,0.0611823,0.00362945,,0.0611823,2.04006,,0.0611439,0.0035169,,0.0611439,2.02156,,0.0611064,0.00340638,,0.0611064,2.00382,,0.0611297,0.00347494,,0.0611297,2.01297,,0.0611797,0.00362198,,0.0611797,2.03395,,0.0612465,0.00381674,,0.0612465,2.0627,,0.061294,0.00395415,,0.061294,2.08377,,0.0613849,0.00421479,,0.0613849,2.12434,,0.0615825,0.00476927,,0.0615825,2.20997
0.06253,0.00713737,,0.06253,2.57845,,0.0624757,0.0070168,,0.0624757,2.5616,,0.0624323,0.00691906,,0.0624323,2.54818,,0.0623939,0.00683155,,0.0623939,2.53615,,0.0623564,0.00674505,,0.0623564,2.52384,,0.0623797,0.00679878,,0.0623797,2.53281,,0.0624297,0.00691327,,0.0624297,2.55097,,0.0624965,0.00706334,,0.0624965,2.57397,,0.062544,0.00716812,,0.062544,2.58925,,0.0626349,0.00736428,,0.0626349,2.6175,,0.0628325,0.0077698,,0.0628325,2.67682
0.06378,0.00927444,,0.06378,2.89708,,0.0637257,0.00920927,,0.0637257,2.88569,,0.0636823,0.00915531,,0.0636823,2.87603,,0.0636439,0.00910617,,0.0636439,2.86727,,0.0636064,0.00905685,,0.0636064,2.85889,,0.0636297,0.00908757,,0.0636297,2.86263,,0.0636797,0.00915208,,0.0636797,2.87154,,0.0637465,0.00923461,,0.0637465,2.88373,,0.063794,0.0092908,,0.063794,2.89274,,0.0638849,0.00939262,,0.0638849,2.90956,,0.0640825,0.00958745,,0.0640825,2.94135
0.06503,0.00999956,,0.06503,3.01438,,0.0649757,0.00999971,,0.0649757,3.01563,,0.0649323,0.00999774,,0.0649323,3.01656,,0.0648939,0.00999445,,0.0648939,3.01714,,0.0648564,0.00998983,,0.0648564,3.01714,,0.0648797,0.00999286,,0.0648797,3.01853,,0.0649297,0.00999756,,0.0649297,3.02025,,0.0649965,0.00999999,,0.0649965,3.02122,,0.065044,0.00999904,,0.065044,3.02086,,0.0651349,0.00999102,,0.0651349,3.01885,,0.0653325,0.00994549,,0.0653325,3.01104
0.06628,0.00920233,,0.06628,2.89294,,0.0662257,0.00926778,,0.0662257,2.90157,,0.0661823,0.00931811,,0.0661823,2.90799,,0.0661439,0.00936117,,0.0661439,2.91347,,0.0661064,0.00940194,,0.0661064,2.91897,,0.0661297,0.00937682,,0.0661297,2.91468,,0.0661797,0.00932101,,0.0661797,2.90588,,0.0662465,0.00924297,,0.0662465,2.89426,,0.066294,0.00918502,,0.066294,2.88632,,0.0663849,0.00906838,,0.0663849,2.87041,,0.0665825,0.00878943,,0.0665825,2.831
0.06753,0.00700414,,0.06753,2.56974,,0.0674757,0.00712492,,0.0674757,2.58927,,0.0674323,0.00721988,,0.0674323,2.60489,,0.0673939,0.00730273,,0.0673939,2.61855,,0.0673564,0.0073827,,0.0673564,2.63143,,0.0673797,0.00733325,,0.0673797,2.62504,,0.0674297,0.00722542,,0.0674297,2.60993,,0.0674965,0.00707878,,0.0674965,2.58862,,0.067544,0.00697267,,0.067544,2.57269,,0.0676349,0.00676516,,0.0676349,2.54101,,0.0678325,0.00629525,,0.0678325,2.46968
0.06878,0.00373962,,0.06878,2.0765,,0.0687257,0.00389735,,0.0687257,2.09947,,0.0686823,0.00402249,,0.0686823,2.11758,,0.0686439,0.00413252,,0.0686439,2.13356,,0.0686064,0.0042395,,0.0686064,2.1494,,0.0686297,0.00417326,,0.0686297,2.13925,,0.0686797,0.00402983,,0.0686797,2.11756,,0.0687465,0.00383692,,0.0687465,2.08887,,0.068794,0.00369878,,0.068794,2.069,,0.0688849,0.00343201,,0.0688849,2.03047,,0.0690825,0.00284268,,0.0690825,1.94406
0.07003,-9.4213e-005,,0.07003,1.50485,,0.0699757,7.64489e-005,,0.0699757,1.53203,,0.0699323,0.000212708,,0.0699323,1.55399,,0.0698939,0.000333172,,0.0698939,1.57344,,0.0698564,0.000450883,,0.0698564,1.59215,,0.0698797,0.000377933,,0.0698797,1.58227,,0.0699297,0.000220725,,0.0699297,1.55971,,0.0699965,1.09191e-005,,0.0699965,1.52888,,0.070044,-0.000138205,,0.070044,1.50659,,0.0701349,-0.000423641,,0.0701349,1.46327,,0.0703325,-0.00104266,,0.0703325,1.36941
0.07128,-0.00391371,,0.07128,0.926172,,0.0712257,-0.00375609,,0.0712257,0.949463,,0.0711823,-0.00362945,,0.0711823,0.968131,,0.0711439,-0.0035169,,0.0711439,0.984803,,0.0711064,-0.00340638,,0.0711064,1.00147,,0.0711297,-0.00347494,,0.0711297,0.991128,,0.0711797,-0.00362198,,0.0711797,0.968984,,0.0712465,-0.00381674,,0.0712465,0.940004,,0.071294,-0.00395415,,0.071294,0.920201,,0.0713849,-0.00421479,,0.0713849,0.882335,,0.0715825,-0.00476927,,0.0715825,0.800534
0.07253,-0.00713737,,0.07253,0.443377,,0.0724757,-0.0070168,,0.0724757,0.463024,,0.0724323,-0.00691906,,0.0724323,0.479195,,0.0723939,-0.00683155,,0.0723939,0.493725,,0.0723564,-0.00674505,,0.0723564,0.507876,,0.0723797,-0.00679878,,0.0723797,0.501501,,0.0724297,-0.00691327,,0.0724297,0.489175,,0.0724965,-0.00706334,,0.0724965,0.481524,,0.072544,-0.00716812,,0.072544,0.48785,,0.0726349,-0.00736428,,0.0726349,0.49593,,0.0728325,-0.0077698,,0.0728325,0.503682
0.07378,-0.00927444,,0.07378,0.257145,,0.0737257,-0.00920927,,0.0737257,0.27956,,0.0736823,-0.00915531,,0.0736823,0.301909,,0.0736439,-0.00910617,,0.0736439,0.324322,,0.0736064,-0.00905685,,0.0736064,0.346893,,0.0736297,-0.00908757,,0.0736297,0.368357,,0.0736797,-0.00915208,,0.0736797,0.38961,,0.0737465,-0.00923461,,0.0737465,0.41096,,0.073794,-0.0092908,,0.073794,0.432939,,0.0738849,-0.00939262,,0.0738849,0.454687,,0.0740825,-0.00958745,,0.0740825,0.475806
0.07503,-0.00999956,,0.07503,0.247109,,0.0749757,-0.00999971,,0.0749757,0.269209,,0.0749323,-0.00999774,,0.0749323,0.29145,,0.0748939,-0.00999445,,0.0748939,0.313844,,0.0748564,-0.00998983,,0.0748564,0.336327,,0.0748797,-0.00999286,,0.0748797,0.358876,,0.0749297,-0.00999756,,0.0749297,0.381497,,0.0749965,-0.00999999,,0.0749965,0.404207,,0.075044,-0.00999904,,0.075044,0.426966,,0.0751349,-0.00999102,,0.0751349,0.4498,,0.0753325,-0.00994549,,0.0753325,0.472928
0.07628,-0.00920233,,0.07628,0.258396,,0.0762257,-0.00926778,,0.0762257,0.278449,,0.0761823,-0.00931811,,0.0761823,0.299234,,0.0761439,-0.00936117,,0.0761439,0.320451,,0.0761064,-0.00940194,,0.0761064,0.341971,,0.0761297,-0.00937682,,0.0761297,0.364459,,0.0761797,-0.00932101,,0.0761797,0.387424,,0.0762465,-0.00924297,,0.0762465,0.410809,,0.076294,-0.00918502,,0.076294,0.434125,,0.0763849,-0.00906838,,0.0763849,0.458316,,0.0765781,-0.00879596,,0.0765781,0.484715
0.07753,-0.00700414,,0.07753,0.453206,,0.0774757,-0.00712492,,0.0774757,0.4373,,0.0774323,-0.00721988,,0.0774323,0.425729,,0.0773939,-0.00730273,,0.0773939,0.417848,,0.0773564,-0.0073827,,0.0773564,0.415595,,0.0773797,-0.00733325,,0.0773797,0.431299,,0.0774297,-0.00722542,,0.0774297,0.453029,,0.0774965,-0.00707878,,0.0774965,0.477623,,0.077544,-0.00697267,,0.077544,0.498714,,0.0776349,-0.00676516,,0.0776349,0.526781,,0.0778281,-0.00630589,,0.0778281,0.57653
0.07878,-0.00373962,,0.07878,0.935424,,0.0787257,-0.00389735,,0.0787257,0.909845,,0.0786823,-0.00402249,,0.0786823,0.889192,,0.0786439,-0.00413252,,0.0786439,0.870939,,0.0786064,-0.0042395,,0.0786064,0.853659,,0.0786297,-0.00417326,,0.0786297,0.862172,,0.0786797,-0.00402983,,0.0786797,0.882226,,0.0787465,-0.00383692,,0.0787465,0.910423,,0.078794,-0.00369878,,0.078794,0.931534,,0.0788849,-0.00343201,,0.0788849,0.972921,,0.0790781,-0.00285582,,0.0790781,1.06232
0.08003,9.4213e-005,,0.08003,1.51749,,0.0799757,-7.64489e-005,,0.0799757,1.49349,,0.0799323,-0.000212708,,0.0799323,1.47468,,0.0798939,-0.000333172,,0.0798939,1.45809,,0.0798564,-0.000450883,,0.0798564,1.44144,,0.0798797,-0.000377933,,0.0798797,1.45359,,0.0799297,-0.000220725,,0.0799297,1.47841,,0.0799965,-1.09191e-005,,0.0799965,1.51044,,0.080044,0.000138205,,0.080044,1.5323,,0.0801349,0.000423641,,0.0801349,1.57372,,0.0803281,0.00102903,,0.0803281,1.6617
0.08128,0.00391371,,0.08128,2.08633,,0.0812257,0.00375609,,0.0812257,2.06078,,0.0811823,0.00362945,,0.0811823,2.03991,,0.0811439,0.0035169,,0.0811439,2.02131,,0.0811064,0.00340638,,0.0811064,2.00348,,0.0811297,0.00347494,,0.0811297,2.01249,,0.0811797,0.00362198,,0.0811797,2.03332,,0.0812465,0.00381674,,0.0812465,2.06199,,0.081294,0.00395415,,0.081294,2.083,,0.0813849,0.00421479,,0.0813849,2.12345,,0.0815781,0.00475722,,0.0815781,2.20781
0.08253,0.00713737,,0.08253,2.57845,,0.0824757,0.0070168,,0.0824757,2.56166,,0.0824323,0.00691906,,0.0824323,2.54832,,0.0823939,0.00683155,,0.0823939,2.53638,,0.0823564,0.00674505,,0.0823564,2.52416,,0.0823797,0.00679878,,0.0823797,2.53326,,0.0824297,0.00691327,,0.0824297,2.55156,,0.0824965,0.00706334,,0.0824965,2.57464,,0.082544,0.00716812,,0.082544,2.58996,,0.0826349,0.00736428,,0.0826349,2.61833,,0.0828281,0.00776117,,0.0828281,2.67583
0.08378,0.00927444,,0.08378,2.89708,,0.0837257,0.00920927,,0.0837257,2.88563,,0.0836823,0.00915531,,0.0836823,2.8759,,0.0836439,0.00910617,,0.0836439,2.86705,,0.0836064,0.00905685,,0.0836064,2.85859,,0.0836297,0.00908757,,0.0836297,2.86221,,0.0836797,0.00915208,,0.0836797,2.87099,,0.0837465,0.00923461,,0.0837465,2.88311,,0.083794,0.0092908,,0.083794,2.89207,,0.0838849,0.00939262,,0.0838849,2.90879,,0.0840781,0.00958354,,0.0840781,2.94046
0.08503,0.00999956,,0.08503,3.01437,,0.0849757,0.00999971,,0.0849757,3.01569,,0.0849323,0.00999774,,0.0849323,3.01668,,0.0848939,0.00999445,,0.0848939,3.01735,,0.0848564,0.00998983,,0.0848564,3.01742,,0.0848797,0.00999286,,0.0848797,3.01892,,0.0849297,0.00999756,,0.0849297,3.02077,,0.0849965,0.00999999,,0.0849965,3.0218,,0.085044,0.00999904,,0.085044,3.02148,,0.0851349,0.00999102,,0.0851349,3.01957,,0.0853281,0.00994691,,0.0853281,3.01151
0.08628,0.00920233,,0.08628,2.89294,,0.0862257,0.00926778,,0.0862257,2.90152,,0.0861823,0.00931811,,0.0861823,2.90787,,0.0861439,0.00936117,,0.0861439,2.91327,,0.0861064,0.00940194,,0.0861064,2.9187,,0.0861297,0.00937682,,0.0861297,2.91431,,0.0861797,0.00932101,,0.0861797,2.9054,,0.0862465,0.00924297,,0.0862465,2.89372,,0.086294,0.00918502,,0.086294,2.88574,,0.0863849,0.00906838,,0.0863849,2.86974,,0.0865781,0.00879596,,0.0865781,2.83171
0.08753,0.00700414,,0.08753,2.56974,,0.0874757,0.00712492,,0.0874757,2.58932,,0.0874323,0.00721988,,0.0874323,2.605,,0.0873939,0.00730273,,0.0873939,2.61874,,0.0873564,0.0073827,,0.0873564,2.63168,,0.0873797,0.00733325,,0.0873797,2.62539,,0.0874297,0.00722542,,0.0874297,2.61038,,0.0874965,0.00707878,,0.0874965,2.58912,,0.087544,0.00697267,,0.087544,2.57323,,0.0876349,0.00676516,,0.0876349,2.54162,,0.0878281,0.00630589,,0.0878281,2.47151
0.08878,0.00373962,,0.08878,2.0765,,0.0887257,0.00389735,,0.0887257,2.09942,,0.0886823,0.00402249,,0.0886823,2.11747,,0.0886439,0.00413252,,0.0886439,2.13339,,0.0886064,0.0042395,,0.0886064,2.14917,,0.0886297,0.00417326,,0.0886297,2.13893,,0.0886797,0.00402983,,0.0886797,2.11714,,0.0887465,0.00383692,,0.0887465,2.0884,,0.088794,0.00369878,,0.088794,2.0685,,0.0888849,0.00343201,,0.0888849,2.0299,,0.0890781,0.00285582,,0.0890781,1.94581
0.09003,-9.4213e-005,,0.09003,1.50485,,0.0899757,7.64489e-005,,0.0899757,1.53207,,0.0899323,0.000212708,,0.0899323,1.55409,,0.0898939,0.000333172,,0.0898939,1.5736,,0.0898564,0.000450883,,0.0898564,1.59237,,0.0898797,0.000377933,,0.0898797,1.58257,,0.0899297,0.000220725,,0.0899297,1.5601,,0.0899965,1.09191e-005,,0.0899965,1.52932,,0.090044,-0.000138205,,0.090044,1.50705,,0.0901349,-0.000423641,,0.0901349,1.4638,,0.0903281,-0.00102903,,0.0903281,1.37166
0.09128,-0.00391371,,0.09128,0.926175,,0.0912257,-0.00375609,,0.0912257,0.949422,,0.0911823,-0.00362945,,0.0911823,0.968037,,0.0911439,-0.0035169,,0.0911439,0.984652,,0.0911064,-0.00340638,,0.0911064,1.00126,,0.0911297,-0.00347494,,0.0911297,0.990844,,0.0911797,-0.00362198,,0.0911797,0.968618,,0.0912465,-0.00381674,,0.0912465,0.939593,,0.091294,-0.00395415,,0.091294,0.919767,,0.0913849,-0.00421479,,0.0913849,0.88184,,0.0915781,-0.00475722,,0.0915781,0.802164
0.09253,-0.00713737,,0.09253,0.443374,,0.0924757,-0.0070168,,0.0924757,0.463062,,0.0924323,-0.00691906,,0.0924323,0.479283,,0.0923939,-0.00683155,,0.0923939,0.493867,,0.0923564,-0.00674505,,0.0923564,0.508065,,0.0923797,-0.00679878,,0.0923797,0.501757,,0.0924297,-0.00691327,,0.0924297,0.489461,,0.0924965,-0.00706334,,0.0924965,0.481744,,0.092544,-0.00716812,,0.092544,0.488009,,0.0926349,-0.00736428,,0.0926349,0.496075,,0.0928281,-0.00776117,,0.0928281,0.503923
0.09378,-0.00927444,,0.09378,0.257145,,0.0937257,-0.00920927,,0.0937257,0.279555,,0.0936823,-0.00915531,,0.0936823,0.3019,,0.0936439,-0.00910617,,0.0936439,0.324308,,0.0936064,-0.00905685,,0.0936064,0.346874,,0.0936297,-0.00908757,,0.0936297,0.368331,,0.0936797,-0.00915208,,0.0936797,0.389581,,0.0937465,-0.00923461,,0.0937465,0.410931,,0.093794,-0.0092908,,0.093794,0.432909,,0.0938849,-0.00939262,,0.0938849,0.454654,,0.0940781,-0.00958354,,0.0940781,0.475829
0.09503,-0.00999956,,0.09503,0.247109,,0.0949757,-0.00999971,,0.0949757,0.269212,,0.0949323,-0.00999774,,0.0949323,0.291455,,0.0948939,-0.00999445,,0.0948939,0.313853,,0.0948564,-0.00998983,,0.0948564,0.336339,,0.0948797,-0.00999286,,0.0948797,0.358893,,0.0949297,-0.00999756,,0.0949297,0.381517,,0.0949965,-0.00999999,,0.0949965,0.404231,,0.095044,-0.00999904,,0.095044,0.426991,,0.0951349,-0.00999102,,0.0951349,0.449828,,0.0953281,-0.00994691,,0.0953281,0.472928
0.09628,-0.00920233,,0.09628,0.258396,,0.0962257,-0.00926778,,0.0962257,0.278445,,0.0961823,-0.00931811,,0.0961823,0.299225,,0.0961439,-0.00936117,,0.0961439,0.320439,,0.0961064,-0.00940194,,0.0961064,0.341955,,0.0961297,-0.00937682,,0.0961297,0.364438,,0.0961797,-0.00932101,,0.0961797,0.387397,,0.0962465,-0.00924297,,0.0962465,0.410779,,0.096294,-0.00918502,,0.096294,0.434094,,0.0963849,-0.00906838,,0.0963849,0.45828,,0.0965714,-0.00880595,,0.0965714,0.484565
0.09753,-0.00700414,,0.09753,0.453203,,0.0974757,-0.00712492,,0.0974757,0.437336,,0.0974323,-0.00721988,,0.0974323,0.425809,,0.0973939,-0.00730273,,0.0973939,0.417964,,0.0973564,-0.0073827,,0.0973564,0.415715,,0.0973797,-0.00733325,,0.0973797,0.431443,,0.0974297,-0.00722542,,0.0974297,0.453203,,0.0974965,-0.00707878,,0.0974965,0.477816,,0.097544,-0.00697267,,0.097544,0.498904,,0.0976349,-0.00676516,,0.0976349,0.527007,,0.0978214,-0.00632222,,0.0978214,0.575011
0.09878,-0.00373962,,0.09878,0.935426,,0.0987257,-0.00389735,,0.0987257,0.909812,,0.0986823,-0.00402249,,0.0986823,0.889115,,0.0986439,-0.00413252,,0.0986439,0.870814,,0.0986064,-0.0042395,,0.0986064,0.853491,,0.0986297,-0.00417326,,0.0986297,0.861937,,0.0986797,-0.00402983,,0.0986797,0.881921,,0.0987465,-0.00383692,,0.0987465,0.910076,,0.098794,-0.00369878,,0.098794,0.931164,,0.0988849,-0.00343201,,0.0988849,0.972498,,0.0990714,-0.00287599,,0.0990714,1.05909
0.1,-1.22465e-017,,0.1,1.50333,,0.0999757,-7.64489e-005,,0.0999757,1.49352,,0.0999323,-0.000212708,,0.0999323,1.47475,,0.0998939,-0.000333172,,0.0998939,1.45821,,0.0998564,-0.000450883,,0.0998564,1.4416,,0.0998797,-0.000377933,,0.0998797,1.45381,,0.0999297,-0.000220725,,0.0999297,1.47869,,0.0999965,-1.09191e-005,,0.0999965,1.51076,,0.1,-1.22465e-017,,0.1,1.51187,,0.1,-1.22465e-017,,0.1,1.51042,,0.1,-1.22465e-017,,0.1,1.5072
0,0,,0,0,,0.1,-1.22465e-017,,0.1,1.50117,,0.1,-1.22465e-017,,0.1,1.49824,,0.1,-1.22465e-017,,0.1,1.4962,,0.1,-1.22465e-017,,0.1,1.49462,,0.1,-1.22465e-017,,0.1,1.49456,,0.1,-1.22465e-017,,0.1,1.49674,,0.1,-1.22465e-017,,0.1,1.51052,,0,0,,0,0,,0,0,,0,0,,0,0,,0,0
